god,2025-09-11 14:54:34.680318,in
god,2025-09-11 14:54:48.478911,in
god,2025-09-11 14:54:51.152852,out
god,2025-09-11 15:07:46.581271,in
gareeeb,2025-09-11 15:08:16.617841,in
god,2025-09-11 15:08:38.315305,in
god,2025-09-11 15:08:43.051128,out
gareeeb,2025-09-11 15:08:49.496452,out
gareeeb,2025-09-11 15:08:52.152389,out
god,2025-09-11 15:39:09.598442,in
god,2025-09-11 15:44:00.949941,in
god,2025-09-11 15:44:32.585433,out
god,2025-09-11 15:54:26.721959,in
god,2025-09-11 15:54:29.285161,out
god,2025-09-11 15:54:41.439054,in
god,2025-09-11 15:56:35.497767,out
god,2025-09-11 15:57:04.789201,in
god,2025-09-11 15:57:06.425895,in
kannadiga,2025-09-11 16:24:26.460903,in
kannadiga,2025-09-11 16:24:31.789504,out
god,2025-09-11 16:33:38.874422,in
Aoli,2025-09-11 16:34:35.968125,in
Aniq,2025-09-11 16:35:29.458088,in
Aniq,2025-09-11 16:35:37.937682,out
Aoli,2025-09-11 16:36:00.739776,out
Aniq,2025-09-11 16:36:58.961683,in
Aniq,2025-09-11 16:37:16.356076,out
hom,2025-09-11 16:39:09.623631,in
hom,2025-09-11 16:39:20.551569,out
oniq,2025-09-11 16:41:41.164579,in
hom,2025-09-11 16:42:08.196085,in
hom,2025-09-11 16:42:11.606008,out
hom,2025-09-13 18:51:40.953152,in
hom,2025-09-13 18:51:48.654661,out
hom,2025-09-13 18:52:08.668408,in
hom,2025-09-13 18:52:11.343579,out
